Date,Home,Away,HG,AG,League,Season,Country,Round,Status,SourceLeagueName,SourceLeagueId
2026-05-12,Southampton,Middlesbrough,1,1,Championship,2025,,,FT,England Championship,1730
2026-05-11,Millwall,Hull City,0,2,Championship,2025,,,FT,England Championship,1730
2026-05-09,Middlesbrough,Southampton,0,0,Championship,2025,,,FT,England Championship,1730
2026-05-08,Hull City,Millwall,0,0,Championship,2025,,,FT,England Championship,1730
2026-05-02,Portsmouth,Birmingham City,1,1,Championship,2025,,,FT,England Championship,1730
2026-05-02,Bristol City,Stoke City,2,0,Championship,2025,,,FT,England Championship,1730
2026-05-02,Derby County,Sheffield United,1,2,Championship,2025,,,FT,England Championship,1730
2026-05-02,Hull City,Norwich City,2,1,Championship,2025,,,FT,England Championship,1730
2026-05-02,Ipswich Town,Queens Park Rangers (QPR),3,0,Championship,2025,,,FT,England Championship,1730
2026-05-02,Millwall,Oxford United,2,0,Championship,2025,,,FT,England Championship,1730
2026-05-02,Sheffield Wednesday,West Bromwich(WBA),2,1,Championship,2025,,,FT,England Championship,1730
2026-05-02,Preston North End,Southampton,1,3,Championship,2025,,,FT,England Championship,1730
2026-05-02,Watford,Coventry City,0,4,Championship,2025,,,FT,England Championship,1730
2026-05-02,Swansea City,Charlton Athletic,3,1,Championship,2025,,,FT,England Championship,1730
2026-05-02,Wrexham,Middlesbrough,2,2,Championship,2025,,,FT,England Championship,1730
2026-05-02,Blackburn Rovers,Leicester City,0,1,Championship,2025,,,FT,England Championship,1730
2026-04-28,Southampton,Ipswich Town,2,2,Championship,2025,,,FT,England Championship,1730
2026-04-26,Coventry City,Wrexham,3,1,Championship,2025,,,FT,England Championship,1730
2026-04-25,Middlesbrough,Watford,5,1,Championship,2025,,,FT,England Championship,1730
2026-04-25,Birmingham City,Bristol City,2,1,Championship,2025,,,FT,England Championship,1730
2026-04-25,Sheffield United,Preston North End,2,3,Championship,2025,,,FT,England Championship,1730
2026-04-25,Queens Park Rangers (QPR),Derby County,2,3,Championship,2025,,,FT,England Championship,1730
2026-04-25,Oxford United,Sheffield Wednesday,4,1,Championship,2025,,,FT,England Championship,1730
2026-04-25,Stoke City,Portsmouth,1,3,Championship,2025,,,FT,England Championship,1730
2026-04-25,Charlton Athletic,Hull City,2,1,Championship,2025,,,FT,England Championship,1730
2026-04-25,West Bromwich(WBA),Ipswich Town,0,0,Championship,2025,,,FT,England Championship,1730
2026-04-25,Norwich City,Swansea City,1,1,Championship,2025,,,FT,England Championship,1730
2026-04-24,Leicester City,Millwall,1,1,Championship,2025,,,FT,England Championship,1730
2026-04-22,Sheffield United,Blackburn Rovers,1,3,Championship,2025,,,FT,England Championship,1730
2026-04-22,Middlesbrough,Sheffield Wednesday,1,0,Championship,2025,,,FT,England Championship,1730
2026-04-22,Charlton Athletic,Ipswich Town,1,2,Championship,2025,,,FT,England Championship,1730
2026-04-22,Birmingham City,Preston North End,2,1,Championship,2025,,,FT,England Championship,1730
2026-04-21,Coventry City,Portsmouth,5,1,Championship,2025,,,FT,England Championship,1730
2026-04-21,Southampton,Bristol City,2,2,Championship,2025,,,FT,England Championship,1730
2026-04-21,Leicester City,Hull City,2,2,Championship,2025,,,FT,England Championship,1730
2026-04-21,Norwich City,Derby County,2,1,Championship,2025,,,FT,England Championship,1730
2026-04-21,Stoke City,Millwall,1,3,Championship,2025,,,FT,England Championship,1730
2026-04-21,West Bromwich(WBA),Watford,3,0,Championship,2025,,,FT,England Championship,1730
2026-04-21,Oxford United,Wrexham,0,1,Championship,2025,,,FT,England Championship,1730
2026-04-21,Queens Park Rangers (QPR),Swansea City,1,2,Championship,2025,,,FT,England Championship,1730
2026-04-19,Ipswich Town,Middlesbrough,2,2,Championship,2025,,,FT,England Championship,1730
2026-04-18,Sheffield Wednesday,Charlton Athletic,1,1,Championship,2025,,,FT,England Championship,1730
2026-04-18,Derby County,Oxford United,1,0,Championship,2025,,,FT,England Championship,1730
2026-04-18,Millwall,Queens Park Rangers (QPR),2,0,Championship,2025,,,FT,England Championship,1730
2026-04-18,Portsmouth,Leicester City,1,0,Championship,2025,,,FT,England Championship,1730
2026-04-18,Preston North End,West Bromwich(WBA),0,2,Championship,2025,,,FT,England Championship,1730
2026-04-18,Swansea City,Southampton,1,2,Championship,2025,,,FT,England Championship,1730
2026-04-18,Watford,Sheffield United,0,2,Championship,2025,,,FT,England Championship,1730
2026-04-18,Wrexham,Stoke City,2,0,Championship,2025,,,FT,England Championship,1730
2026-04-18,Hull City,Birmingham City,1,1,Championship,2025,,,FT,England Championship,1730
2026-04-18,Bristol City,Norwich City,2,4,Championship,2025,,,FT,England Championship,1730
2026-04-17,Blackburn Rovers,Coventry City,1,1,Championship,2025,,,FT,England Championship,1730
2026-04-14,Southampton,Blackburn Rovers,3,0,Championship,2025,,,FT,England Championship,1730
2026-04-14,Portsmouth,Ipswich Town,2,0,Championship,2025,,,FT,England Championship,1730
2026-04-12,Birmingham City,Wrexham,2,0,Championship,2025,,,FT,England Championship,1730
2026-04-11,Leicester City,Swansea City,0,1,Championship,2025,,,FT,England Championship,1730
2026-04-11,Charlton Athletic,Preston North End,1,2,Championship,2025,,,FT,England Championship,1730
2026-04-11,Middlesbrough,Portsmouth,0,1,Championship,2025,,,FT,England Championship,1730
2026-04-11,Oxford United,Watford,2,0,Championship,2025,,,FT,England Championship,1730
2026-04-11,Stoke City,Blackburn Rovers,1,1,Championship,2025,,,FT,England Championship,1730
2026-04-11,Southampton,Derby County,2,1,Championship,2025,,,FT,England Championship,1730
2026-04-11,Sheffield United,Hull City,2,1,Championship,2025,,,FT,England Championship,1730
2026-04-11,Queens Park Rangers (QPR),Bristol City,0,0,Championship,2025,,,FT,England Championship,1730
2026-04-11,Norwich City,Ipswich Town,0,2,Championship,2025,,,FT,England Championship,1730
2026-04-11,Coventry City,Sheffield Wednesday,0,0,Championship,2025,,,FT,England Championship,1730
2026-04-10,West Bromwich(WBA),Millwall,0,0,Championship,2025,,,FT,England Championship,1730
2026-04-07,Wrexham,Southampton,1,5,Championship,2025,,,FT,England Championship,1730
2026-04-06,Ipswich Town,Birmingham City,2,1,Championship,2025,,,FT,England Championship,1730
2026-04-06,Preston North End,Queens Park Rangers (QPR),1,1,Championship,2025,,,FT,England Championship,1730
2026-04-06,Watford,Charlton Athletic,1,1,Championship,2025,,,FT,England Championship,1730
2026-04-06,Millwall,Norwich City,1,2,Championship,2025,,,FT,England Championship,1730
2026-04-06,Portsmouth,Oxford United,2,2,Championship,2025,,,FT,England Championship,1730
2026-04-06,Sheffield Wednesday,Leicester City,1,1,Championship,2025,,,FT,England Championship,1730
2026-04-06,Hull City,Coventry City,0,0,Championship,2025,,,FT,England Championship,1730
2026-04-06,Blackburn Rovers,West Bromwich(WBA),0,0,Championship,2025,,,FT,England Championship,1730
2026-04-06,Derby County,Stoke City,2,0,Championship,2025,,,FT,England Championship,1730
2026-04-06,Swansea City,Middlesbrough,2,2,Championship,2025,,,FT,England Championship,1730
2026-04-06,Bristol City,Sheffield United,1,0,Championship,2025,,,FT,England Championship,1730
2026-04-03,Stoke City,Sheffield Wednesday,2,0,Championship,2025,,,FT,England Championship,1730
2026-04-03,Middlesbrough,Millwall,1,2,Championship,2025,,,FT,England Championship,1730
2026-04-03,Norwich City,Portsmouth,1,1,Championship,2025,,,FT,England Championship,1730
2026-04-03,Oxford United,Hull City,1,1,Championship,2025,,,FT,England Championship,1730
2026-04-03,Queens Park Rangers (QPR),Watford,2,1,Championship,2025,,,FT,England Championship,1730
2026-04-03,Sheffield United,Swansea City,3,3,Championship,2025,,,FT,England Championship,1730
2026-04-03,West Bromwich(WBA),Wrexham,2,2,Championship,2025,,,FT,England Championship,1730
2026-04-03,Birmingham City,Blackburn Rovers,0,1,Championship,2025,,,FT,England Championship,1730
2026-04-03,Charlton Athletic,Bristol City,1,2,Championship,2025,,,FT,England Championship,1730
2026-04-03,Leicester City,Preston North End,2,2,Championship,2025,,,FT,England Championship,1730
2026-04-03,Coventry City,Derby County,3,2,Championship,2025,,,FT,England Championship,1730
2026-03-21,Hull City,Sheffield Wednesday,3,1,Championship,2025,,,FT,England Championship,1730
2026-03-21,Derby County,Birmingham City,1,0,Championship,2025,,,FT,England Championship,1730
2026-03-21,Blackburn Rovers,Middlesbrough,0,0,Championship,2025,,,FT,England Championship,1730
2026-03-21,Ipswich Town,Millwall,1,1,Championship,2025,,,FT,England Championship,1730
2026-03-21,Bristol City,West Bromwich(WBA),0,1,Championship,2025,,,FT,England Championship,1730
2026-03-21,Charlton Athletic,Norwich City,0,1,Championship,2025,,,FT,England Championship,1730
2026-03-21,Sheffield United,Wrexham,1,2,Championship,2025,,,FT,England Championship,1730
2026-03-21,Queens Park Rangers (QPR),Portsmouth,6,1,Championship,2025,,,FT,England Championship,1730
2026-03-21,Southampton,Oxford United,2,0,Championship,2025,,,FT,England Championship,1730
2026-03-21,Watford,Leicester City,0,0,Championship,2025,,,FT,England Championship,1730
2026-03-21,Swansea City,Coventry City,0,3,Championship,2025,,,FT,England Championship,1730
2026-03-20,Preston North End,Stoke City,3,1,Championship,2025,,,FT,England Championship,1730
2026-03-18,Southampton,Norwich City,1,0,Championship,2025,,,FT,England Championship,1730
2026-03-17,Watford,Wrexham,3,1,Championship,2025,,,FT,England Championship,1730
2026-03-16,Portsmouth,Derby County,0,1,Championship,2025,,,FT,England Championship,1730
2026-03-14,Norwich City,Preston North End,2,0,Championship,2025,,,FT,England Championship,1730
2026-03-14,Coventry City,Southampton,1,2,Championship,2025,,,FT,England Championship,1730
2026-03-14,Middlesbrough,Bristol City,1,1,Championship,2025,,,FT,England Championship,1730
2026-03-14,Oxford United,Charlton Athletic,1,1,Championship,2025,,,FT,England Championship,1730
2026-03-14,Millwall,Blackburn Rovers,1,2,Championship,2025,,,FT,England Championship,1730
2026-03-14,Birmingham City,Sheffield United,1,1,Championship,2025,,,FT,England Championship,1730
2026-03-14,Leicester City,Queens Park Rangers (QPR),1,3,Championship,2025,,,FT,England Championship,1730
2026-03-14,Stoke City,Watford,3,1,Championship,2025,,,FT,England Championship,1730
2026-03-14,West Bromwich(WBA),Hull City,3,0,Championship,2025,,,FT,England Championship,1730
2026-03-14,Sheffield Wednesday,Ipswich Town,0,2,Championship,2025,,,FT,England Championship,1730
2026-03-13,Wrexham,Swansea City,2,0,Championship,2025,,,FT,England Championship,1730
2026-03-11,Coventry City,Preston North End,3,0,Championship,2025,,,FT,England Championship,1730
2026-03-11,Birmingham City,Queens Park Rangers (QPR),1,0,Championship,2025,,,FT,England Championship,1730
2026-03-11,West Bromwich(WBA),Southampton,1,1,Championship,2025,,,FT,England Championship,1730
2026-03-11,Oxford United,Blackburn Rovers,1,0,Championship,2025,,,FT,England Championship,1730
2026-03-11,Middlesbrough,Charlton Athletic,0,1,Championship,2025,,,FT,England Championship,1730
2026-03-11,Norwich City,Sheffield United,2,1,Championship,2025,,,FT,England Championship,1730
2026-03-10,Sheffield Wednesday,Watford,1,1,Championship,2025,,,FT,England Championship,1730
2026-03-10,Leicester City,Bristol City,2,0,Championship,2025,,,FT,England Championship,1730
2026-03-10,Millwall,Derby County,1,0,Championship,2025,,,FT,England Championship,1730
2026-03-10,Wrexham,Hull City,1,2,Championship,2025,,,FT,England Championship,1730
2026-03-10,Portsmouth,Swansea City,1,2,Championship,2025,,,FT,England Championship,1730
2026-03-10,Stoke City,Ipswich Town,3,3,Championship,2025,,,FT,England Championship,1730
2026-03-08,Queens Park Rangers (QPR),Middlesbrough,0,4,Championship,2025,,,FT,England Championship,1730
2026-03-07,Swansea City,Stoke City,2,0,Championship,2025,,,FT,England Championship,1730
2026-03-07,Sheffield United,West Bromwich(WBA),1,1,Championship,2025,,,FT,England Championship,1730
2026-03-07,Ipswich Town,Leicester City,1,1,Championship,2025,,,FT,England Championship,1730
2026-03-07,Derby County,Sheffield Wednesday,2,1,Championship,2025,,,FT,England Championship,1730
2026-03-07,Charlton Athletic,Birmingham City,1,0,Championship,2025,,,FT,England Championship,1730
2026-03-07,Bristol City,Coventry City,0,2,Championship,2025,,,FT,England Championship,1730
2026-03-07,Blackburn Rovers,Portsmouth,1,1,Championship,2025,,,FT,England Championship,1730
2026-03-07,Hull City,Millwall,1,3,Championship,2025,,,FT,England Championship,1730
2026-03-06,Preston North End,Oxford United,1,3,Championship,2025,,,FT,England Championship,1730
2026-03-03,Ipswich Town,Hull City,1,0,Championship,2025,,,FT,England Championship,1730
2026-03-02,Birmingham City,Middlesbrough,1,3,Championship,2025,,,FT,England Championship,1730
2026-02-28,Coventry City,Stoke City,2,1,Championship,2025,,,FT,England Championship,1730
2026-02-28,Oxford United,West Bromwich(WBA),2,1,Championship,2025,,,FT,England Championship,1730
2026-02-28,Ipswich Town,Swansea City,3,0,Championship,2025,,,FT,England Championship,1730
2026-02-28,Charlton Athletic,Wrexham,0,1,Championship,2025,,,FT,England Championship,1730
2026-02-28,Sheffield Wednesday,Southampton,1,3,Championship,2025,,,FT,England Championship,1730
2026-02-28,Queens Park Rangers (QPR),Sheffield United,0,2,Championship,2025,,,FT,England Championship,1730
2026-02-28,Preston North End,Millwall,0,2,Championship,2025,,,FT,England Championship,1730
2026-02-28,Portsmouth,Hull City,0,1,Championship,2025,,,FT,England Championship,1730
2026-02-28,Leicester City,Norwich City,0,2,Championship,2025,,,FT,England Championship,1730
2026-02-28,Derby County,Blackburn Rovers,3,1,Championship,2025,,,FT,England Championship,1730
2026-02-27,Bristol City,Watford,1,2,Championship,2025,,,FT,England Championship,1730
2026-02-25,Norwich City,Sheffield Wednesday,2,0,Championship,2025,,,FT,England Championship,1730
2026-02-25,Millwall,Birmingham City,3,0,Championship,2025,,,FT,England Championship,1730
2026-02-25,Stoke City,Oxford United,2,1,Championship,2025,,,FT,England Championship,1730
2026-02-25,Sheffield United,Coventry City,1,2,Championship,2025,,,FT,England Championship,1730
2026-02-24,Southampton,Queens Park Rangers (QPR),5,0,Championship,2025,,,FT,England Championship,1730
2026-02-24,Blackburn Rovers,Bristol City,1,2,Championship,2025,,,FT,England Championship,1730
2026-02-24,Wrexham,Portsmouth,2,1,Championship,2025,,,FT,England Championship,1730
2026-02-24,Swansea City,Preston North End,1,1,Championship,2025,,,FT,England Championship,1730
2026-02-24,West Bromwich(WBA),Charlton Athletic,1,1,Championship,2025,,,FT,England Championship,1730
2026-02-24,Watford,Ipswich Town,0,2,Championship,2025,,,FT,England Championship,1730
2026-02-24,Middlesbrough,Leicester City,1,1,Championship,2025,,,FT,England Championship,1730
2026-02-24,Hull City,Derby County,4,2,Championship,2025,,,FT,England Championship,1730
2026-02-22,Sheffield United,Sheffield Wednesday,2,1,Championship,2025,,,FT,England Championship,1730
2026-02-21,Swansea City,Bristol City,1,0,Championship,2025,,,FT,England Championship,1730
2026-02-21,West Bromwich(WBA),Coventry City,0,2,Championship,2025,,,FT,England Championship,1730
2026-02-21,Hull City,Queens Park Rangers (QPR),1,3,Championship,2025,,,FT,England Championship,1730
2026-02-21,Southampton,Charlton Athletic,1,1,Championship,2025,,,FT,England Championship,1730
2026-02-21,Watford,Derby County,2,0,Championship,2025,,,FT,England Championship,1730
2026-02-21,Stoke City,Leicester City,2,2,Championship,2025,,,FT,England Championship,1730
2026-02-21,Wrexham,Ipswich Town,5,3,Championship,2025,,,FT,England Championship,1730
2026-02-21,Middlesbrough,Oxford United,0,0,Championship,2025,,,FT,England Championship,1730
2026-02-21,Millwall,Portsmouth,1,3,Championship,2025,,,FT,England Championship,1730
2026-02-21,Norwich City,Birmingham City,1,2,Championship,2025,,,FT,England Championship,1730
2026-02-20,Blackburn Rovers,Preston North End,1,0,Championship,2025,,,FT,England Championship,1730
2026-02-17,Charlton Athletic,Portsmouth,1,3,Championship,2025,,,FT,England Championship,1730
2026-02-17,Bristol City,Wrexham,2,2,Championship,2025,,,FT,England Championship,1730
2026-02-16,Coventry City,Middlesbrough,3,1,Championship,2025,,,FT,England Championship,1730
2026-02-14,Derby County,Swansea City,2,0,Championship,2025,,,FT,England Championship,1730
2026-02-14,Sheffield Wednesday,Millwall,1,2,Championship,2025,,,FT,England Championship,1730
2026-02-14,Queens Park Rangers (QPR),Blackburn Rovers,1,3,Championship,2025,,,FT,England Championship,1730
2026-02-14,Preston North End,Watford,2,2,Championship,2025,,,FT,England Championship,1730
2026-02-14,Portsmouth,Sheffield United,0,1,Championship,2025,,,FT,England Championship,1730
2026-02-11,Charlton Athletic,Stoke City,1,0,Championship,2025,,,FT,England Championship,1730
2026-02-10,Oxford United,Norwich City,0,3,Championship,2025,,,FT,England Championship,1730
2026-02-10,Leicester City,Southampton,3,4,Championship,2025,,,FT,England Championship,1730
2026-02-10,Birmingham City,West Bromwich(WBA),0,0,Championship,2025,,,FT,England Championship,1730
2026-02-09,Sheffield United,Middlesbrough,1,2,Championship,2025,,,FT,England Championship,1730
2026-02-08,Swansea City,Sheffield Wednesday,4,0,Championship,2025,,,FT,England Championship,1730
2026-02-07,Preston North End,Portsmouth,1,0,Championship,2025,,,FT,England Championship,1730
2026-02-07,Derby County,Ipswich Town,1,2,Championship,2025,,,FT,England Championship,1730
2026-02-07,Norwich City,Blackburn Rovers,2,0,Championship,2025,,,FT,England Championship,1730
2026-02-07,Southampton,Watford,1,0,Championship,2025,,,FT,England Championship,1730
2026-02-07,West Bromwich(WBA),Stoke City,0,0,Championship,2025,,,FT,England Championship,1730
2026-02-07,Hull City,Bristol City,2,3,Championship,2025,,,FT,England Championship,1730
2026-02-07,Coventry City,Oxford United,0,0,Championship,2025,,,FT,England Championship,1730
2026-02-07,Wrexham,Millwall,0,2,Championship,2025,,,FT,England Championship,1730
2026-02-07,Birmingham City,Leicester City,2,1,Championship,2025,,,FT,England Championship,1730
2026-02-06,Charlton Athletic,Queens Park Rangers (QPR),0,0,Championship,2025,,,FT,England Championship,1730
2026-02-03,Blackburn Rovers,Sheffield Wednesday,1,0,Championship,2025,,,FT,England Championship,1730
2026-02-03,Hull City,Watford,0,0,Championship,2025,,,FT,England Championship,1730
2026-02-03,Sheffield United,Oxford United,3,1,Championship,2025,,,FT,England Championship,1730
2026-01-31,Sheffield Wednesday,Wrexham,0,1,Championship,2025,,,FT,England Championship,1730
2026-01-31,Watford,Swansea City,0,2,Championship,2025,,,FT,England Championship,1730
2026-01-31,Millwall,Sheffield United,1,1,Championship,2025,,,FT,England Championship,1730
2026-01-31,Stoke City,Southampton,0,2,Championship,2025,,,FT,England Championship,1730
2026-01-31,Leicester City,Charlton Athletic,0,2,Championship,2025,,,FT,England Championship,1730
2026-01-31,Middlesbrough,Norwich City,1,0,Championship,2025,,,FT,England Championship,1730
2026-01-31,Portsmouth,West Bromwich(WBA),3,0,Championship,2025,,,FT,England Championship,1730
2026-01-31,Oxford United,Birmingham City,0,2,Championship,2025,,,FT,England Championship,1730
2026-01-31,Queens Park Rangers (QPR),Coventry City,2,1,Championship,2025,,,FT,England Championship,1730
2026-01-31,Ipswich Town,Preston North End,1,1,Championship,2025,,,FT,England Championship,1730
2026-01-31,Blackburn Rovers,Hull City,0,1,Championship,2025,,,FT,England Championship,1730
2026-01-30,Bristol City,Derby County,0,5,Championship,2025,,,FT,England Championship,1730
2026-01-26,Norwich City,Coventry City,2,1,Championship,2025,,,FT,England Championship,1730
2026-01-25,Portsmouth,Southampton,1,1,Championship,2025,,,FT,England Championship,1730
2026-01-24,Middlesbrough,Preston North End,4,0,Championship,2025,,,FT,England Championship,1730
2026-01-24,Queens Park Rangers (QPR),Wrexham,2,3,Championship,2025,,,FT,England Championship,1730
2026-01-24,Hull City,Swansea City,2,1,Championship,2025,,,FT,England Championship,1730
2026-01-24,Sheffield United,Ipswich Town,3,1,Championship,2025,,,FT,England Championship,1730
2026-01-24,Bristol City,Sheffield Wednesday,2,0,Championship,2025,,,FT,England Championship,1730
2026-01-24,Blackburn Rovers,Watford,1,1,Championship,2025,,,FT,England Championship,1730
2026-01-24,Birmingham City,Stoke City,1,1,Championship,2025,,,FT,England Championship,1730
2026-01-24,Leicester City,Oxford United,1,2,Championship,2025,,,FT,England Championship,1730
2026-01-24,Millwall,Charlton Athletic,4,0,Championship,2025,,,FT,England Championship,1730
2026-01-23,Derby County,West Bromwich(WBA),1,1,Championship,2025,,,FT,England Championship,1730
2026-01-21,Watford,Portsmouth,1,1,Championship,2025,,,FT,England Championship,1730
2026-01-21,Southampton,Sheffield United,1,0,Championship,2025,,,FT,England Championship,1730
2026-01-21,Stoke City,Middlesbrough,1,2,Championship,2025,,,FT,England Championship,1730
2026-01-20,Oxford United,Queens Park Rangers (QPR),0,0,Championship,2025,,,FT,England Championship,1730
2026-01-20,Wrexham,Leicester City,1,1,Championship,2025,,,FT,England Championship,1730
2026-01-20,Swansea City,Blackburn Rovers,3,1,Championship,2025,,,FT,England Championship,1730
2026-01-20,West Bromwich(WBA),Norwich City,0,5,Championship,2025,,,FT,England Championship,1730
2026-01-20,Sheffield Wednesday,Birmingham City,0,2,Championship,2025,,,FT,England Championship,1730
2026-01-20,Preston North End,Hull City,0,3,Championship,2025,,,FT,England Championship,1730
2026-01-20,Ipswich Town,Bristol City,2,0,Championship,2025,,,FT,England Championship,1730
2026-01-20,Coventry City,Millwall,2,1,Championship,2025,,,FT,England Championship,1730
2026-01-20,Charlton Athletic,Derby County,1,2,Championship,2025,,,FT,England Championship,1730
2026-01-17,Watford,Millwall,0,2,Championship,2025,,,FT,England Championship,1730
2026-01-17,Oxford United,Bristol City,0,0,Championship,2025,,,FT,England Championship,1730
2026-01-17,Sheffield Wednesday,Portsmouth,0,1,Championship,2025,,,FT,England Championship,1730
2026-01-17,Ipswich Town,Blackburn Rovers,3,0,Championship,2025,,,FT,England Championship,1730
2026-01-17,Coventry City,Leicester City,2,1,Championship,2025,,,FT,England Championship,1730
2026-01-17,Preston North End,Derby County,0,1,Championship,2025,,,FT,England Championship,1730
2026-01-17,Charlton Athletic,Sheffield United,1,0,Championship,2025,,,FT,England Championship,1730
2026-01-17,Southampton,Hull City,1,2,Championship,2025,,,FT,England Championship,1730
2026-01-17,Stoke City,Queens Park Rangers (QPR),0,0,Championship,2025,,,FT,England Championship,1730
2026-01-17,Wrexham,Norwich City,1,2,Championship,2025,,,FT,England Championship,1730
2026-01-17,Swansea City,Birmingham City,1,1,Championship,2025,,,FT,England Championship,1730
2026-01-16,West Bromwich(WBA),Middlesbrough,2,3,Championship,2025,,,FT,England Championship,1730
2026-01-05,Leicester City,West Bromwich(WBA),2,1,Championship,2025,,,FT,England Championship,1730
2026-01-04,Middlesbrough,Southampton,4,0,Championship,2025,,,FT,England Championship,1730
2026-01-04,Queens Park Rangers (QPR),Sheffield Wednesday,3,0,Championship,2025,,,FT,England Championship,1730
2026-01-04,Derby County,Wrexham,1,2,Championship,2025,,,FT,England Championship,1730
2026-01-04,Millwall,Swansea City,2,1,Championship,2025,,,FT,England Championship,1730
2026-01-04,Birmingham City,Coventry City,3,2,Championship,2025,,,FT,England Championship,1730
2026-01-04,Norwich City,Stoke City,0,2,Championship,2025,,,FT,England Championship,1730
2026-01-04,Blackburn Rovers,Charlton Athletic,2,2,Championship,2025,,,FT,England Championship,1730
2026-01-04,Bristol City,Preston North End,0,2,Championship,2025,,,FT,England Championship,1730
2026-01-01,Blackburn Rovers,Wrexham,0,2,Championship,2025,,,FT,England Championship,1730
2026-01-01,Swansea City,West Bromwich(WBA),1,0,Championship,2025,,,FT,England Championship,1730
2026-01-01,Southampton,Millwall,0,0,Championship,2025,,,FT,England Championship,1730
2026-01-01,Watford,Birmingham City,3,0,Championship,2025,,,FT,England Championship,1730
2026-01-01,Bristol City,Portsmouth,5,0,Championship,2025,,,FT,England Championship,1730
2026-01-01,Charlton Athletic,Coventry City,1,1,Championship,2025,,,FT,England Championship,1730
2026-01-01,Derby County,Middlesbrough,1,0,Championship,2025,,,FT,England Championship,1730
2026-01-01,Hull City,Stoke City,0,1,Championship,2025,,,FT,England Championship,1730
2026-01-01,Ipswich Town,Oxford United,2,1,Championship,2025,,,FT,England Championship,1730
2026-01-01,Preston North End,Sheffield Wednesday,3,0,Championship,2025,,,FT,England Championship,1730
2026-01-01,Queens Park Rangers (QPR),Norwich City,1,2,Championship,2025,,,FT,England Championship,1730
2026-01-01,Sheffield United,Leicester City,3,1,Championship,2025,,,FT,England Championship,1730
2025-12-29,Oxford United,Swansea City,0,1,Championship,2025,,,FT,England Championship,1730
2025-12-29,Stoke City,Sheffield United,1,2,Championship,2025,,,FT,England Championship,1730
2025-12-29,West Bromwich(WBA),Queens Park Rangers (QPR),2,1,Championship,2025,,,FT,England Championship,1730
2025-12-29,Portsmouth,Charlton Athletic,2,1,Championship,2025,,,FT,England Championship,1730
2025-12-29,Wrexham,Preston North End,2,1,Championship,2025,,,FT,England Championship,1730
2025-12-29,Birmingham City,Southampton,1,1,Championship,2025,,,FT,England Championship,1730
2025-12-29,Sheffield Wednesday,Blackburn Rovers,0,0,Championship,2025,,,FT,England Championship,1730
2025-12-29,Norwich City,Watford,0,1,Championship,2025,,,FT,England Championship,1730
2025-12-29,Millwall,Bristol City,2,1,Championship,2025,,,FT,England Championship,1730
2025-12-29,Middlesbrough,Hull City,0,1,Championship,2025,,,FT,England Championship,1730
2025-12-29,Leicester City,Derby County,2,1,Championship,2025,,,FT,England Championship,1730
2025-12-29,Coventry City,Ipswich Town,0,2,Championship,2025,,,FT,England Championship,1730
2025-12-26,Stoke City,Preston North End,0,0,Championship,2025,,,FT,England Championship,1730
2025-12-26,Birmingham City,Derby County,1,1,Championship,2025,,,FT,England Championship,1730
2025-12-26,Millwall,Ipswich Town,0,0,Championship,2025,,,FT,England Championship,1730
2025-12-26,Norwich City,Charlton Athletic,1,0,Championship,2025,,,FT,England Championship,1730
2025-12-26,Oxford United,Southampton,2,1,Championship,2025,,,FT,England Championship,1730
2025-12-26,Portsmouth,Queens Park Rangers (QPR),1,1,Championship,2025,,,FT,England Championship,1730
2025-12-26,Sheffield Wednesday,Hull City,2,2,Championship,2025,,,FT,England Championship,1730
2025-12-26,West Bromwich(WBA),Bristol City,1,2,Championship,2025,,,FT,England Championship,1730
2025-12-26,Coventry City,Swansea City,1,0,Championship,2025,,,FT,England Championship,1730
2025-12-26,Leicester City,Watford,1,2,Championship,2025,,,FT,England Championship,1730
2025-12-26,Middlesbrough,Blackburn Rovers,0,0,Championship,2025,,,FT,England Championship,1730
2025-12-26,Wrexham,Sheffield United,5,3,Championship,2025,,,FT,England Championship,1730
2025-12-20,Charlton Athletic,Oxford United,1,0,Championship,2025,,,FT,England Championship,1730
2025-12-20,Preston North End,Norwich City,1,1,Championship,2025,,,FT,England Championship,1730
2025-12-20,Blackburn Rovers,Millwall,2,0,Championship,2025,,,FT,England Championship,1730
2025-12-20,Southampton,Coventry City,1,1,Championship,2025,,,FT,England Championship,1730
2025-12-20,Watford,Stoke City,1,0,Championship,2025,,,FT,England Championship,1730
2025-12-20,Bristol City,Middlesbrough,2,0,Championship,2025,,,FT,England Championship,1730
2025-12-20,Sheffield United,Birmingham City,3,0,Championship,2025,,,FT,England Championship,1730
2025-12-20,Derby County,Portsmouth,1,1,Championship,2025,,,FT,England Championship,1730
2025-12-20,Hull City,West Bromwich(WBA),1,0,Championship,2025,,,FT,England Championship,1730
2025-12-20,Ipswich Town,Sheffield Wednesday,3,1,Championship,2025,,,FT,England Championship,1730
2025-12-20,Queens Park Rangers (QPR),Leicester City,4,1,Championship,2025,,,FT,England Championship,1730
2025-12-19,Swansea City,Wrexham,2,1,Championship,2025,,,FT,England Championship,1730
2025-12-15,Sheffield Wednesday,Derby County,0,3,Championship,2025,,,FT,England Championship,1730
2025-12-13,Birmingham City,Charlton Athletic,1,1,Championship,2025,,,FT,England Championship,1730
2025-12-13,Stoke City,Swansea City,2,1,Championship,2025,,,FT,England Championship,1730
2025-12-13,Norwich City,Southampton,2,1,Championship,2025,,,FT,England Championship,1730
2025-12-13,Oxford United,Preston North End,1,2,Championship,2025,,,FT,England Championship,1730
2025-12-13,Portsmouth,Blackburn Rovers,2,1,Championship,2025,,,FT,England Championship,1730
2025-12-13,Coventry City,Bristol City,1,0,Championship,2025,,,FT,England Championship,1730
2025-12-13,Leicester City,Ipswich Town,3,1,Championship,2025,,,FT,England Championship,1730
2025-12-13,Millwall,Hull City,1,3,Championship,2025,,,FT,England Championship,1730
2025-12-13,Wrexham,Watford,2,2,Championship,2025,,,FT,England Championship,1730
2025-12-13,Middlesbrough,Queens Park Rangers (QPR),3,1,Championship,2025,,,FT,England Championship,1730
2025-12-12,West Bromwich(WBA),Sheffield United,2,0,Championship,2025,,,FT,England Championship,1730
2025-12-10,Hull City,Wrexham,2,0,Championship,2025,,,FT,England Championship,1730
2025-12-10,Ipswich Town,Stoke City,1,0,Championship,2025,,,FT,England Championship,1730
2025-12-10,Derby County,Millwall,1,1,Championship,2025,,,FT,England Championship,1730
2025-12-10,Bristol City,Leicester City,2,2,Championship,2025,,,FT,England Championship,1730
2025-12-09,Charlton Athletic,Middlesbrough,1,2,Championship,2025,,,FT,England Championship,1730
2025-12-09,Southampton,West Bromwich(WBA),3,2,Championship,2025,,,FT,England Championship,1730
2025-12-09,Blackburn Rovers,Oxford United,1,1,Championship,2025,,,FT,England Championship,1730
2025-12-09,Sheffield United,Norwich City,1,1,Championship,2025,,,FT,England Championship,1730
2025-12-09,Preston North End,Coventry City,1,1,Championship,2025,,,FT,England Championship,1730
2025-12-09,Watford,Sheffield Wednesday,1,1,Championship,2025,,,FT,England Championship,1730
2025-12-09,Swansea City,Portsmouth,1,0,Championship,2025,,,FT,England Championship,1730
2025-12-09,Queens Park Rangers (QPR),Birmingham City,2,1,Championship,2025,,,FT,England Championship,1730
2025-12-06,Southampton,Birmingham City,3,1,Championship,2025,,,FT,England Championship,1730
2025-12-06,Sheffield United,Stoke City,4,0,Championship,2025,,,FT,England Championship,1730
2025-12-06,Queens Park Rangers (QPR),West Bromwich(WBA),3,1,Championship,2025,,,FT,England Championship,1730
2025-12-06,Ipswich Town,Coventry City,3,0,Championship,2025,,,FT,England Championship,1730
2025-12-06,Swansea City,Oxford United,2,0,Championship,2025,,,FT,England Championship,1730
2025-12-06,Preston North End,Wrexham,1,1,Championship,2025,,,FT,England Championship,1730
2025-12-06,Bristol City,Millwall,0,1,Championship,2025,,,FT,England Championship,1730
2025-12-06,Derby County,Leicester City,1,3,Championship,2025,,,FT,England Championship,1730
2025-12-06,Watford,Norwich City,3,2,Championship,2025,,,FT,England Championship,1730
2025-12-05,Hull City,Middlesbrough,1,4,Championship,2025,,,FT,England Championship,1730
2025-12-02,Blackburn Rovers,Ipswich Town,1,1,Championship,2025,,,FT,England Championship,1730
2025-12-01,Birmingham City,Watford,2,1,Championship,2025,,,FT,England Championship,1730
2025-11-29,Leicester City,Sheffield United,2,3,Championship,2025,,,FT,England Championship,1730
2025-11-29,Stoke City,Hull City,1,2,Championship,2025,,,FT,England Championship,1730
2025-11-29,Wrexham,Blackburn Rovers,1,1,Championship,2025,,,FT,England Championship,1730
2025-11-29,Portsmouth,Bristol City,0,1,Championship,2025,,,FT,England Championship,1730
2025-11-29,West Bromwich(WBA),Swansea City,3,2,Championship,2025,,,FT,England Championship,1730
2025-11-29,Millwall,Southampton,3,2,Championship,2025,,,FT,England Championship,1730
2025-11-29,Middlesbrough,Derby County,2,1,Championship,2025,,,FT,England Championship,1730
2025-11-29,Norwich City,Queens Park Rangers (QPR),3,1,Championship,2025,,,FT,England Championship,1730
2025-11-29,Sheffield Wednesday,Preston North End,2,3,Championship,2025,,,FT,England Championship,1730
2025-11-29,Coventry City,Charlton Athletic,3,1,Championship,2025,,,FT,England Championship,1730
2025-11-28,Oxford United,Ipswich Town,2,1,Championship,2025,,,FT,England Championship,1730
2025-11-26,West Bromwich(WBA),Birmingham City,1,1,Championship,2025,,,FT,England Championship,1730
2025-11-26,Sheffield United,Portsmouth,3,0,Championship,2025,,,FT,England Championship,1730
2025-11-26,Millwall,Sheffield Wednesday,1,0,Championship,2025,,,FT,England Championship,1730
2025-11-26,Blackburn Rovers,Queens Park Rangers (QPR),0,1,Championship,2025,,,FT,England Championship,1730
2025-11-26,Wrexham,Bristol City,2,0,Championship,2025,,,FT,England Championship,1730
2025-11-25,Watford,Preston North End,1,1,Championship,2025,,,FT,England Championship,1730
2025-11-25,Middlesbrough,Coventry City,2,4,Championship,2025,,,FT,England Championship,1730
2025-11-25,Stoke City,Charlton Athletic,3,0,Championship,2025,,,FT,England Championship,1730
2025-11-25,Hull City,Ipswich Town,0,2,Championship,2025,,,FT,England Championship,1730
2025-11-25,Swansea City,Derby County,1,2,Championship,2025,,,FT,England Championship,1730
2025-11-25,Southampton,Leicester City,3,0,Championship,2025,,,FT,England Championship,1730
2025-11-25,Norwich City,Oxford United,1,1,Championship,2025,,,FT,England Championship,1730
2025-11-23,Sheffield Wednesday,Sheffield United,0,3,Championship,2025,,,FT,England Championship,1730
2025-11-22,Oxford United,Middlesbrough,1,1,Championship,2025,,,FT,England Championship,1730
2025-11-22,Bristol City,Swansea City,3,0,Championship,2025,,,FT,England Championship,1730
2025-11-22,Charlton Athletic,Southampton,1,5,Championship,2025,,,FT,England Championship,1730
2025-11-22,Coventry City,West Bromwich(WBA),3,2,Championship,2025,,,FT,England Championship,1730
2025-11-22,Derby County,Watford,2,3,Championship,2025,,,FT,England Championship,1730
2025-11-22,Leicester City,Stoke City,2,1,Championship,2025,,,FT,England Championship,1730
2025-11-22,Portsmouth,Millwall,3,1,Championship,2025,,,FT,England Championship,1730
2025-11-22,Birmingham City,Norwich City,4,1,Championship,2025,,,FT,England Championship,1730
2025-11-22,Ipswich Town,Wrexham,0,0,Championship,2025,,,FT,England Championship,1730
2025-11-22,Queens Park Rangers (QPR),Hull City,3,2,Championship,2025,,,FT,England Championship,1730
2025-11-21,Preston North End,Blackburn Rovers,1,2,Championship,2025,,,FT,England Championship,1730
2025-11-08,Southampton,Sheffield Wednesday,3,1,Championship,2025,,,FT,England Championship,1730
2025-11-08,Blackburn Rovers,Derby County,1,2,Championship,2025,,,FT,England Championship,1730
2025-11-08,Hull City,Portsmouth,3,2,Championship,2025,,,FT,England Championship,1730
2025-11-08,Millwall,Preston North End,1,1,Championship,2025,,,FT,England Championship,1730
2025-11-08,Norwich City,Leicester City,1,2,Championship,2025,,,FT,England Championship,1730
2025-11-08,Sheffield United,Queens Park Rangers (QPR),0,0,Championship,2025,,,FT,England Championship,1730
2025-11-08,Middlesbrough,Birmingham City,2,1,Championship,2025,,,FT,England Championship,1730
2025-11-08,Stoke City,Coventry City,0,1,Championship,2025,,,FT,England Championship,1730
2025-11-08,West Bromwich(WBA),Oxford United,2,1,Championship,2025,,,FT,England Championship,1730
2025-11-08,Swansea City,Ipswich Town,1,4,Championship,2025,,,FT,England Championship,1730
2025-11-08,Wrexham,Charlton Athletic,1,0,Championship,2025,,,FT,England Championship,1730
2025-11-07,Watford,Bristol City,1,1,Championship,2025,,,FT,England Championship,1730
2025-11-05,Portsmouth,Wrexham,0,0,Championship,2025,,,FT,England Championship,1730
2025-11-05,Preston North End,Swansea City,2,1,Championship,2025,,,FT,England Championship,1730
2025-11-05,Sheffield Wednesday,Norwich City,1,1,Championship,2025,,,FT,England Championship,1730
2025-11-05,Queens Park Rangers (QPR),Southampton,1,2,Championship,2025,,,FT,England Championship,1730
2025-11-04,Ipswich Town,Watford,1,1,Championship,2025,,,FT,England Championship,1730
2025-11-04,Birmingham City,Millwall,4,0,Championship,2025,,,FT,England Championship,1730
2025-11-04,Bristol City,Blackburn Rovers,0,1,Championship,2025,,,FT,England Championship,1730
2025-11-04,Derby County,Hull City,2,1,Championship,2025,,,FT,England Championship,1730
2025-11-04,Charlton Athletic,West Bromwich(WBA),1,0,Championship,2025,,,FT,England Championship,1730
2025-11-04,Leicester City,Middlesbrough,1,1,Championship,2025,,,FT,England Championship,1730
2025-11-04,Oxford United,Stoke City,0,3,Championship,2025,,,FT,England Championship,1730
2025-11-04,Coventry City,Sheffield United,3,1,Championship,2025,,,FT,England Championship,1730
2025-11-01,Queens Park Rangers (QPR),Ipswich Town,1,4,Championship,2025,,,FT,England Championship,1730
2025-11-01,Leicester City,Blackburn Rovers,0,2,Championship,2025,,,FT,England Championship,1730
2025-11-01,Norwich City,Hull City,0,2,Championship,2025,,,FT,England Championship,1730
2025-11-01,West Bromwich(WBA),Sheffield Wednesday,0,0,Championship,2025,,,FT,England Championship,1730
2025-11-01,Charlton Athletic,Swansea City,1,1,Championship,2025,,,FT,England Championship,1730
2025-11-01,Oxford United,Millwall,2,2,Championship,2025,,,FT,England Championship,1730
2025-11-01,Sheffield United,Derby County,1,3,Championship,2025,,,FT,England Championship,1730
2025-11-01,Southampton,Preston North End,0,2,Championship,2025,,,FT,England Championship,1730
2025-11-01,Stoke City,Bristol City,5,1,Championship,2025,,,FT,England Championship,1730
2025-11-01,Watford,Middlesbrough,3,0,Championship,2025,,,FT,England Championship,1730
2025-11-01,Birmingham City,Portsmouth,4,0,Championship,2025,,,FT,England Championship,1730
2025-10-31,Wrexham,Coventry City,3,2,Championship,2025,,,FT,England Championship,1730
2025-10-25,Ipswich Town,West Bromwich(WBA),1,0,Championship,2025,,,FT,England Championship,1730
2025-10-25,Coventry City,Watford,3,1,Championship,2025,,,FT,England Championship,1730
2025-10-25,Millwall,Leicester City,1,0,Championship,2025,,,FT,England Championship,1730
2025-10-25,Portsmouth,Stoke City,0,1,Championship,2025,,,FT,England Championship,1730
2025-10-25,Hull City,Charlton Athletic,1,1,Championship,2025,,,FT,England Championship,1730
2025-10-25,Derby County,Queens Park Rangers (QPR),1,0,Championship,2025,,,FT,England Championship,1730
2025-10-25,Swansea City,Norwich City,2,1,Championship,2025,,,FT,England Championship,1730
2025-10-25,Blackburn Rovers,Southampton,2,1,Championship,2025,,,FT,England Championship,1730
2025-10-25,Sheffield Wednesday,Oxford United,1,2,Championship,2025,,,FT,England Championship,1730
2025-10-25,Middlesbrough,Wrexham,1,1,Championship,2025,,,FT,England Championship,1730
2025-10-25,Bristol City,Birmingham City,1,0,Championship,2025,,,FT,England Championship,1730
2025-10-24,Preston North End,Sheffield United,3,2,Championship,2025,,,FT,England Championship,1730
2025-10-22,Sheffield Wednesday,Middlesbrough,0,1,Championship,2025,,,FT,England Championship,1730
2025-10-22,Wrexham,Oxford United,1,0,Championship,2025,,,FT,England Championship,1730
2025-10-22,Swansea City,Queens Park Rangers (QPR),0,1,Championship,2025,,,FT,England Championship,1730
2025-10-22,Watford,West Bromwich(WBA),2,1,Championship,2025,,,FT,England Championship,1730
2025-10-21,Millwall,Stoke City,2,0,Championship,2025,,,FT,England Championship,1730
2025-10-21,Derby County,Norwich City,1,0,Championship,2025,,,FT,England Championship,1730
2025-10-21,Hull City,Leicester City,2,1,Championship,2025,,,FT,England Championship,1730
2025-10-21,Ipswich Town,Charlton Athletic,0,3,Championship,2025,,,FT,England Championship,1730
2025-10-21,Blackburn Rovers,Sheffield United,1,3,Championship,2025,,,FT,England Championship,1730
2025-10-21,Portsmouth,Coventry City,1,2,Championship,2025,,,FT,England Championship,1730
2025-10-21,Bristol City,Southampton,3,1,Championship,2025,,,FT,England Championship,1730
2025-10-21,Preston North End,Birmingham City,0,1,Championship,2025,,,FT,England Championship,1730
2025-10-18,West Bromwich(WBA),Preston North End,2,1,Championship,2025,,,FT,England Championship,1730
2025-10-18,Oxford United,Derby County,1,0,Championship,2025,,,FT,England Championship,1730
2025-10-18,Queens Park Rangers (QPR),Millwall,1,2,Championship,2025,,,FT,England Championship,1730
2025-10-18,Southampton,Swansea City,0,0,Championship,2025,,,FT,England Championship,1730
2025-10-18,Stoke City,Wrexham,1,0,Championship,2025,,,FT,England Championship,1730
2025-10-18,Sheffield United,Watford,1,0,Championship,2025,,,FT,England Championship,1730
2025-10-18,Birmingham City,Hull City,2,3,Championship,2025,,,FT,England Championship,1730
2025-10-18,Charlton Athletic,Sheffield Wednesday,2,1,Championship,2025,,,FT,England Championship,1730
2025-10-18,Coventry City,Blackburn Rovers,2,0,Championship,2025,,,FT,England Championship,1730
2025-10-18,Norwich City,Bristol City,0,1,Championship,2025,,,FT,England Championship,1730
2025-10-18,Leicester City,Portsmouth,1,1,Championship,2025,,,FT,England Championship,1730
2025-10-17,Middlesbrough,Ipswich Town,2,1,Championship,2025,,,FT,England Championship,1730
2025-10-05,Ipswich Town,Norwich City,3,1,Championship,2025,,,FT,England Championship,1730
2025-10-04,Swansea City,Leicester City,1,3,Championship,2025,,,FT,England Championship,1730
2025-10-04,Blackburn Rovers,Stoke City,1,1,Championship,2025,,,FT,England Championship,1730
2025-10-04,Hull City,Sheffield United,1,0,Championship,2025,,,FT,England Championship,1730
2025-10-04,Sheffield Wednesday,Coventry City,0,5,Championship,2025,,,FT,England Championship,1730
2025-10-04,Watford,Oxford United,2,1,Championship,2025,,,FT,England Championship,1730
2025-10-04,Bristol City,Queens Park Rangers (QPR),1,2,Championship,2025,,,FT,England Championship,1730
2025-10-04,Millwall,West Bromwich(WBA),3,0,Championship,2025,,,FT,England Championship,1730
2025-10-04,Preston North End,Charlton Athletic,2,0,Championship,2025,,,FT,England Championship,1730
2025-10-04,Derby County,Southampton,1,1,Championship,2025,,,FT,England Championship,1730
2025-10-04,Portsmouth,Middlesbrough,1,0,Championship,2025,,,FT,England Championship,1730
2025-10-03,Wrexham,Birmingham City,1,1,Championship,2025,,,FT,England Championship,1730
2025-10-01,Queens Park Rangers (QPR),Oxford United,0,0,Championship,2025,,,FT,England Championship,1730
2025-10-01,Portsmouth,Watford,2,2,Championship,2025,,,FT,England Championship,1730
2025-10-01,Norwich City,West Bromwich(WBA),0,1,Championship,2025,,,FT,England Championship,1730
2025-10-01,Millwall,Coventry City,0,4,Championship,2025,,,FT,England Championship,1730
2025-09-30,Leicester City,Wrexham,1,1,Championship,2025,,,FT,England Championship,1730
2025-09-30,Hull City,Preston North End,2,2,Championship,2025,,,FT,England Championship,1730
2025-09-30,Middlesbrough,Stoke City,0,0,Championship,2025,,,FT,England Championship,1730
2025-09-30,Sheffield United,Southampton,1,2,Championship,2025,,,FT,England Championship,1730
2025-09-30,Blackburn Rovers,Swansea City,1,2,Championship,2025,,,FT,England Championship,1730
2025-09-30,Birmingham City,Sheffield Wednesday,2,2,Championship,2025,,,FT,England Championship,1730
2025-09-30,Bristol City,Ipswich Town,1,1,Championship,2025,,,FT,England Championship,1730
2025-09-30,Derby County,Charlton Athletic,1,1,Championship,2025,,,FT,England Championship,1730
2025-09-27,Swansea City,Millwall,1,1,Championship,2025,,,FT,England Championship,1730
2025-09-27,Charlton Athletic,Blackburn Rovers,3,0,Championship,2025,,,FT,England Championship,1730
2025-09-27,Watford,Hull City,2,1,Championship,2025,,,FT,England Championship,1730
2025-09-27,Stoke City,Norwich City,1,1,Championship,2025,,,FT,England Championship,1730
2025-09-27,Southampton,Middlesbrough,1,1,Championship,2025,,,FT,England Championship,1730
2025-09-27,Sheffield Wednesday,Queens Park Rangers (QPR),1,1,Championship,2025,,,FT,England Championship,1730
2025-09-27,Preston North End,Bristol City,0,0,Championship,2025,,,FT,England Championship,1730
2025-09-27,Oxford United,Sheffield United,0,1,Championship,2025,,,FT,England Championship,1730
2025-09-27,Ipswich Town,Portsmouth,2,1,Championship,2025,,,FT,England Championship,1730
2025-09-27,Coventry City,Birmingham City,3,0,Championship,2025,,,FT,England Championship,1730
2025-09-27,Wrexham,Derby County,1,1,Championship,2025,,,FT,England Championship,1730
2025-09-26,West Bromwich(WBA),Leicester City,1,1,Championship,2025,,,FT,England Championship,1730
2025-09-22,Millwall,Watford,1,0,Championship,2025,,,FT,England Championship,1730
2025-09-21,Bristol City,Oxford United,1,3,Championship,2025,,,FT,England Championship,1730
2025-09-20,Birmingham City,Swansea City,1,0,Championship,2025,,,FT,England Championship,1730
2025-09-20,Sheffield United,Charlton Athletic,0,1,Championship,2025,,,FT,England Championship,1730
2025-09-20,Hull City,Southampton,3,1,Championship,2025,,,FT,England Championship,1730
2025-09-20,Derby County,Preston North End,0,1,Championship,2025,,,FT,England Championship,1730
2025-09-20,Portsmouth,Sheffield Wednesday,0,2,Championship,2025,,,FT,England Championship,1730
2025-09-20,Norwich City,Wrexham,2,3,Championship,2025,,,FT,England Championship,1730
2025-09-20,Leicester City,Coventry City,0,0,Championship,2025,,,FT,England Championship,1730
2025-09-20,Queens Park Rangers (QPR),Stoke City,1,0,Championship,2025,,,FT,England Championship,1730
2025-09-19,Middlesbrough,West Bromwich(WBA),2,1,Championship,2025,,,FT,England Championship,1730
2025-09-14,Southampton,Portsmouth,0,0,Championship,2025,,,FT,England Championship,1730
2025-09-13,Oxford United,Leicester City,2,2,Championship,2025,,,FT,England Championship,1730
2025-09-13,Preston North End,Middlesbrough,2,2,Championship,2025,,,FT,England Championship,1730
2025-09-13,Sheffield Wednesday,Bristol City,0,3,Championship,2025,,,FT,England Championship,1730
2025-09-13,Charlton Athletic,Millwall,1,1,Championship,2025,,,FT,England Championship,1730
2025-09-13,Coventry City,Norwich City,1,1,Championship,2025,,,FT,England Championship,1730
2025-09-13,Swansea City,Hull City,2,2,Championship,2025,,,FT,England Championship,1730
2025-09-13,Stoke City,Birmingham City,1,0,Championship,2025,,,FT,England Championship,1730
2025-09-13,Watford,Blackburn Rovers,0,1,Championship,2025,,,FT,England Championship,1730
2025-09-13,West Bromwich(WBA),Derby County,0,1,Championship,2025,,,FT,England Championship,1730
2025-09-13,Wrexham,Queens Park Rangers (QPR),1,3,Championship,2025,,,FT,England Championship,1730
2025-09-12,Ipswich Town,Sheffield United,5,0,Championship,2025,,,FT,England Championship,1730
2025-08-30,Queens Park Rangers (QPR),Charlton Athletic,3,1,Championship,2025,,,FT,England Championship,1730
2025-08-30,Stoke City,West Bromwich(WBA),0,1,Championship,2025,,,FT,England Championship,1730
2025-08-30,Middlesbrough,Sheffield United,1,0,Championship,2025,,,FT,England Championship,1730
2025-08-30,Sheffield Wednesday,Swansea City,0,2,Championship,2025,,,FT,England Championship,1730
2025-08-30,Millwall,Wrexham,0,2,Championship,2025,,,FT,England Championship,1730
2025-08-30,Watford,Southampton,2,2,Championship,2025,,,FT,England Championship,1730
2025-08-30,Oxford United,Coventry City,2,2,Championship,2025,,,FT,England Championship,1730
2025-08-30,Blackburn Rovers,Norwich City,0,2,Championship,2025,,,FT,England Championship,1730
2025-08-30,Bristol City,Hull City,4,2,Championship,2025,,,FT,England Championship,1730
2025-08-30,Ipswich Town,Derby County,2,2,Championship,2025,,,FT,England Championship,1730
2025-08-30,Portsmouth,Preston North End,1,0,Championship,2025,,,FT,England Championship,1730
2025-08-29,Leicester City,Birmingham City,2,0,Championship,2025,,,FT,England Championship,1730
2025-08-23,Birmingham City,Oxford United,1,0,Championship,2025,,,FT,England Championship,1730
2025-08-23,Hull City,Blackburn Rovers,0,3,Championship,2025,,,FT,England Championship,1730
2025-08-23,Swansea City,Watford,1,1,Championship,2025,,,FT,England Championship,1730
2025-08-23,Wrexham,Sheffield Wednesday,2,2,Championship,2025,,,FT,England Championship,1730
2025-08-23,Coventry City,Queens Park Rangers (QPR),7,1,Championship,2025,,,FT,England Championship,1730
2025-08-23,Charlton Athletic,Leicester City,0,1,Championship,2025,,,FT,England Championship,1730
2025-08-23,Norwich City,Middlesbrough,1,2,Championship,2025,,,FT,England Championship,1730
2025-08-23,Sheffield United,Millwall,0,1,Championship,2025,,,FT,England Championship,1730
2025-08-23,Southampton,Stoke City,1,2,Championship,2025,,,FT,England Championship,1730
2025-08-23,West Bromwich(WBA),Portsmouth,1,1,Championship,2025,,,FT,England Championship,1730
2025-08-23,Preston North End,Ipswich Town,1,0,Championship,2025,,,FT,England Championship,1730
2025-08-22,Derby County,Bristol City,1,1,Championship,2025,,,FT,England Championship,1730
2025-08-17,Hull City,Oxford United,3,2,Championship,2025,,,FT,England Championship,1730
2025-08-17,Ipswich Town,Southampton,1,1,Championship,2025,,,FT,England Championship,1730
2025-08-16,Sheffield Wednesday,Stoke City,0,3,Championship,2025,,,FT,England Championship,1730
2025-08-16,Derby County,Coventry City,3,5,Championship,2025,,,FT,England Championship,1730
2025-08-16,Portsmouth,Norwich City,1,2,Championship,2025,,,FT,England Championship,1730
2025-08-16,Wrexham,West Bromwich(WBA),2,3,Championship,2025,,,FT,England Championship,1730
2025-08-16,Preston North End,Leicester City,2,1,Championship,2025,,,FT,England Championship,1730
2025-08-16,Blackburn Rovers,Birmingham City,1,2,Championship,2025,,,FT,England Championship,1730
2025-08-16,Watford,Queens Park Rangers (QPR),2,1,Championship,2025,,,FT,England Championship,1730
2025-08-16,Swansea City,Sheffield United,1,0,Championship,2025,,,FT,England Championship,1730
2025-08-16,Millwall,Middlesbrough,0,3,Championship,2025,,,FT,England Championship,1730
2025-08-16,Bristol City,Charlton Athletic,0,0,Championship,2025,,,FT,England Championship,1730
2025-08-10,Leicester City,Sheffield Wednesday,2,1,Championship,2025,,,FT,England Championship,1730
2025-08-09,Southampton,Wrexham,2,1,Championship,2025,,,FT,England Championship,1730
2025-08-09,Norwich City,Millwall,1,2,Championship,2025,,,FT,England Championship,1730
2025-08-09,Queens Park Rangers (QPR),Preston North End,1,1,Championship,2025,,,FT,England Championship,1730
2025-08-09,Coventry City,Hull City,0,0,Championship,2025,,,FT,England Championship,1730
2025-08-09,Oxford United,Portsmouth,0,1,Championship,2025,,,FT,England Championship,1730
2025-08-09,Charlton Athletic,Watford,1,0,Championship,2025,,,FT,England Championship,1730
2025-08-09,Stoke City,Derby County,3,1,Championship,2025,,,FT,England Championship,1730
2025-08-09,West Bromwich(WBA),Blackburn Rovers,1,0,Championship,2025,,,FT,England Championship,1730
2025-08-09,Middlesbrough,Swansea City,1,0,Championship,2025,,,FT,England Championship,1730
2025-08-09,Sheffield United,Bristol City,1,4,Championship,2025,,,FT,England Championship,1730
2025-08-08,Birmingham City,Ipswich Town,1,1,Championship,2025,,,FT,England Championship,1730
